Baby,Time,Length,Weight,Head Size,Note
"Minnie","12/21/21 11:15 AM","20 inches","8 lbs. 5 oz.",,"Doctor"
"Minnie","12/23/21 3:30 AM",,"7 lbs. 12 oz.",,"Doctor"
"Minnie","12/23/21 4:14 PM",,"8 lbs.",,"Imprecise, done with bathroom scale"
"Minnie","12/24/21 11:10 AM",,"7 lbs. 6 oz.",,"Bathroom scale"
"Minnie","12/25/21 8:37 AM",,"8 lbs.",,"Clothed and Blanketed"
"Minnie","12/25/21 12:08 PM",,"8 lbs. 10 oz.",,"Clothed"
"Minnie","12/25/21 5:52 PM",,"8 lbs. 10 oz.",,"Clothed"
"Minnie","12/26/21 4:23 PM",,"8 lbs.",,"Home Bathroom"
"Minnie","12/27/21 10:13 AM","20.5 inches","7 lbs. 13 oz.","13.58 inches","Doctor"
"Minnie","12/30/21 3:20 PM",,"8 lbs. 1 oz.",,"Home Baby-Scale"
"Minnie","12/31/21 11:03 AM",,"8 lbs. 2 oz.",,"Home Baby-Scale"
"Minnie","1/1/22 1:06 PM",,"8 lbs. 3 oz.",,"Home Baby-Scale"
"Minnie","1/2/22 12:48 PM",,"8 lbs. 4 oz.",,"Home Baby-Scale"
"Minnie","1/3/22 9:45 AM",,"8 lbs. 8 oz.",,"Home Baby-Scale"
"Minnie","1/3/22 10:31 AM",,"8 lbs. 7 oz.",,"Doctor"
"Minnie","1/4/22 9:06 AM",,"8 lbs. 9 oz.",,""
"Minnie","1/5/22 10:51 AM",,"8 lbs. 9 oz.",,""
"Minnie","1/6/22 1:05 PM",,"8 lbs. 10 oz.",,""
"Minnie","1/7/22 11:03 AM",,"8 lbs. 11 oz.",,""
"Minnie","1/8/22 10:09 AM",,"8 lbs. 11 oz.",,""
"Minnie","1/9/22 11:46 AM",,"8 lbs. 12 oz.",,""
"Minnie","1/10/22 9:49 AM",,"8 lbs. 14 oz.",,""
"Minnie","1/11/22 1:32 PM",,"9 lbs.",,""
"Minnie","1/12/22 11:01 AM",,"9 lbs. 2 oz.",,""
"Minnie","1/13/22 9:47 AM",,"9 lbs. 6 oz.",,""
"Minnie","1/14/22 8:16 AM","22.5 inches","9 lbs. 4 oz.","14.5 inches","Doctor"
"Minnie","1/15/22 10:55 AM",,"9 lbs. 7 oz.",,""
"Minnie","1/16/22 11:15 AM",,"9 lbs. 8 oz.",,""
"Minnie","1/17/22 10:25 AM",,"9 lbs. 12 oz.",,""
"Minnie","1/18/22 10:16 AM",,"9 lbs. 10 oz.",,""
"Minnie","1/19/22 10:47 AM",,"9 lbs. 13 oz.",,""
"Minnie","1/20/22 11:22 AM",,"9 lbs. 14 oz.",,""
"Minnie","1/21/22 8:45 PM","23.25 inches","9 lbs. 14 oz.",,"doctor"
"Minnie","1/23/22 10:32 AM",,"10 lbs.",,""
"Minnie","1/24/22 10:29 AM",,"10 lbs. 2 oz.",,""
"Minnie","1/25/22 11:17 AM",,"10 lbs. 4 oz.",,""
"Minnie","1/26/22 10:30 AM",,"10 lbs. 6 oz.",,""
"Minnie","1/27/22 9:38 AM",,"10 lbs. 6 oz.",,""
"Minnie","1/28/22 10:30 AM",,"10 lbs. 6 oz.",,""
"Minnie","1/29/22 11:23 AM",,"10 lbs. 6 oz.",,""
"Minnie","1/30/22 10:30 AM",,"10 lbs. 8 oz.",,"bottle fed most feedings yesterday"
"Minnie","1/31/22 10:30 AM",,"10 lbs. 8 oz.",,""
"Minnie","2/1/22 10:48 AM",,"10 lbs. 9 oz.",,""
"Minnie","2/2/22 9:35 AM",,"10 lbs. 11 oz.",,""
"Minnie","2/3/22 10:12 AM",,"10 lbs. 9 oz.",,"10lbs 9.0oz"
"Minnie","2/4/22 10:22 AM",,"10 lbs. 13 oz.",,""
"Minnie","2/5/22 10:27 AM",,"10 lbs. 12 oz.",,"10lbs 11.7oz"
"Minnie","2/6/22 10:34 AM",,"10 lbs. 13 oz.",,"10lbs 13.2oz"
"Minnie","2/7/22 10:12 AM",,"10 lbs. 13 oz.",,"10lbs 13.4oz"
"Minnie","2/8/22 10:25 AM",,"11 lbs. 1 oz.",,"11lbs 0.5oz"
"Minnie","2/9/22 10:36 AM",,"11 lbs. 1 oz.",,"11lbs 1.3oz"
"Minnie","2/10/22 10:22 AM",,"11 lbs. 1 oz.",,"11lbs 1.4oz"
"Minnie","2/11/22 10:21 AM",,"11 lbs. 2 oz.",,"11lbs 1.6oz"
"Minnie","2/12/22 10:36 AM",,"11 lbs. 4 oz.",,"11lbs 3.5oz"
"Minnie","2/13/22 10:32 AM",,"11 lbs. 9 oz.",,"11lbs 9.4oz"
"Minnie","2/14/22 10:26 AM",,"11 lbs. 7 oz.",,""
"Minnie","2/15/22 10:30 AM",,"11 lbs. 6 oz.",,"11lbs 5.8oz"
"Minnie","2/16/22 10:20 AM",,"11 lbs. 5 oz.",,"11lbs 5.1oz"
"Minnie","2/17/22 10:27 AM",,"11 lbs. 8 oz.",,"11lbs 7.6oz"
"Minnie","2/18/22 10:29 AM",,"11 lbs. 8 oz.",,"11lbs 8.1oz"
"Minnie","2/19/22 10:28 AM",,"11 lbs. 9 oz.",,"11lbs 9.2oz"
"Minnie","2/20/22 10:36 AM",,"11 lbs. 10 oz.",,""
"Minnie","2/21/22 10:28 AM",,"11 lbs. 11 oz.",,"11lbs 11.1oz"
"Minnie","2/22/22 10:25 AM",,"11 lbs. 13 oz.",,"11lbs 12.5oz"
"Minnie","2/23/22 8:41 AM","24 inches","11 lbs. 9 oz.","14.76 inches","doctor"
"Minnie","2/24/22 10:33 AM",,"11 lbs. 12 oz.",,"11lbs 12.7oz"
"Minnie","2/25/22 10:27 AM",,"11 lbs. 13 oz.",,"11lbs 13.4oz"
"Minnie","2/26/22 10:21 AM",,"11 lbs. 15 oz.",,""
"Minnie","2/27/22 10:21 AM",,"12 lbs. 1 oz.",,""
"Minnie","2/28/22 10:20 AM",,"12 lbs. 1 oz.",,"12lbs 0.9oz"
"Minnie","3/1/22 10:22 AM",,"12 lbs.",,"12lbs 0.2oz"
"Minnie","3/2/22 10:23 AM",,"12 lbs. 4 oz.",,"12lbs 4.1oz"
"Minnie","3/3/22 10:40 AM",,"12 lbs. 5 oz.",,"12lbs 5.2oz"
"Minnie","3/4/22 10:27 AM",,"12 lbs. 5 oz.",,"12lbs 4.5oz"
"Minnie","3/5/22 10:23 AM",,"12 lbs. 5 oz.",,"12lbs 5.2oz"
"Minnie","3/6/22 10:48 AM",,"12 lbs. 7 oz.",,""
"Minnie","3/7/22 10:31 AM",,"12 lbs. 8 oz.",,"12lbs 7.5oz"
"Minnie","3/8/22 10:23 AM",,"12 lbs. 7 oz.",,"12lbs 6.8oz"
"Minnie","3/9/22 10:32 AM",,"12 lbs. 10 oz.",,"12lbs 10.1oz"
"Minnie","3/10/22 10:30 AM",,"12 lbs. 12 oz.",,"12lbs 11.5oz"
"Minnie","3/11/22 10:22 AM",,"12 lbs. 9 oz.",,"12lbs 9.1oz"
"Minnie","3/12/22 10:21 AM",,"12 lbs. 11 oz.",,"12lbs 11.2oz
maybe a bad weigh in though"
"Minnie","3/13/22 12:41 PM",,"12 lbs. 13 oz.",,"12lbs 12.9oz"
"Minnie","3/14/22 10:27 AM",,"13 lbs.",,"12lb 15.6oz"
"Minnie","3/15/22 10:21 AM",,"13 lbs. 2 oz.",,""
"Minnie","3/16/22 10:20 AM",,"13 lbs. 1 oz.",,""
"Minnie","3/17/22 10:48 AM",,"13 lbs. 1 oz.",,""
"Minnie","3/18/22 10:26 AM",,"13 lbs. 2 oz.",,""
"Minnie","3/19/22 10:30 AM",,"13 lbs. 2 oz.",,""
"Minnie","3/20/22 10:31 AM",,"13 lbs. 4 oz.",,"13lbs 4.0oz"
"Minnie","3/21/22 10:51 AM",,"13 lbs. 4 oz.",,""
"Minnie","3/23/22 10:29 AM",,"13 lbs. 7 oz.",,""
"Minnie","3/24/22 10:15 AM",,"13 lbs. 7 oz.",,"13lbs 7.3oz"
"Minnie","3/25/22 10:37 AM",,"13 lbs. 10 oz.",,""
"Minnie","3/28/22 10:16 AM",,"13 lbs. 15 oz.",,""
"Minnie","3/29/22 11:57 AM",,"13 lbs. 12 oz.",,"13lbs 11.6oz"
"Minnie","3/30/22 10:31 AM",,"14 lbs.",,""
"Minnie","3/30/22 6:19 PM",,,"15.75 inches",""
"Minnie","3/31/22 10:33 AM",,"14 lbs. 1 oz.",,""
"Minnie","4/1/22 10:34 AM",,"14 lbs. 2 oz.",,"weighed in diaper"
"Minnie","4/2/22 10:56 AM",,"14 lbs. 5 oz.",,""
"Minnie","4/3/22 10:40 AM",,"14 lbs. 5 oz.",,""
"Minnie","4/4/22 10:37 AM",,"14 lbs. 2 oz.",,"14lbs 2.3oz"
"Minnie","4/5/22 10:31 AM",,"14 lbs. 6 oz.",,"14lbs 6.0oz"
"Minnie","4/6/22 10:23 AM","25 inches","14 lbs. 7 oz.","16 inches",""
"Minnie","4/7/22 10:30 AM",,"14 lbs. 9 oz.",,"14lbs 9.0oz"
"Minnie","4/8/22 10:20 AM",,"14 lbs. 10 oz.",,""
"Minnie","4/9/22 10:25 AM",,"14 lbs. 8 oz.",,"14lbs 7.7oz"
"Minnie","4/10/22 10:22 AM",,"14 lbs. 8 oz.",,""
"Minnie","4/11/22 10:25 AM",,"14 lbs. 11 oz.",,"14lbs 10.7oz"
"Minnie","4/12/22 10:40 AM",,"14 lbs. 14 oz.",,"14lbs 14.1oz"
"Minnie","4/13/22 10:40 AM",,"14 lbs. 14 oz.",,""
"Minnie","4/14/22 10:43 AM",,"15 lbs.",,"14lbs 15.9oz"
